"Name","Length","Extension"
"KBBBBBvK.rtbw","59784720",".rtbw"
"KBBBBBvK.rtbz","264510736",".rtbz"
"KBBBBNvK.rtbw","45612752",".rtbw"
"KBBBBNvK.rtbz","1426493776",".rtbz"
"KBBBBPvK.rtbw","207384592",".rtbw"
"KBBBBPvK.rtbz","328228432",".rtbz"
"KBBBBvKB.rtbw","586926992",".rtbw"
"KBBBBvKB.rtbz","819732432",".rtbz"
"KBBBBvKN.rtbw","229161872",".rtbw"
"KBBBBvKN.rtbz","842117712",".rtbz"
"KBBBBvKQ.rtbw","1404985104",".rtbw"
"KBBBBvKQ.rtbz","1150639568",".rtbz"
"KBBBBvKR.rtbw","344113488",".rtbw"
"KBBBBvKR.rtbz","1452021776",".rtbz"
"KBBBNNvK.rtbw","114984528",".rtbw"
"KBBBNNvK.rtbz","3121053008",".rtbz"
"KBBBNPvK.rtbw","488014544",".rtbw"
"KBBBNPvK.rtbz","750385104",".rtbz"
"KBBBNvKB.rtbw","1194989008",".rtbw"
"KBBBNvKB.rtbz","5500184016",".rtbz"
"KBBBNvKN.rtbw","121048272",".rtbw"
"KBBBNvKN.rtbz","5354376080",".rtbz"
"KBBBNvKQ.rtbw","8034889296",".rtbw"
"KBBBNvKQ.rtbz","5680054608",".rtbz"
"KBBBNvKR.rtbw","3218733968",".rtbw"
"KBBBNvKR.rtbz","10171866832",".rtbz"
"KBBBPPvK.rtbw","191930704",".rtbw"
"KBBBPPvK.rtbz","106358800",".rtbz"
"KBBBvK.rtbw","1441424",".rtbw"
"KBBBvK.rtbz","3340496",".rtbz"
"KBBNNNvK.rtbw","103294864",".rtbw"
"KBBNNNvK.rtbz","3160624784",".rtbz"
"KBBNNPvK.rtbw","671676816",".rtbw"
"KBBNNPvK.rtbz","0",".rtbz"
"KBBNNvKB.rtbw","500329552",".rtbw"
"KBBNPPvK.rtbw","0",".rtbw"
"KBBNPPvK.rtbz","353673232",".rtbz"
"KBBNvK.rtbw","1322384",".rtbw"
"KBBNvK.rtbz","13121104",".rtbz"
"KBBPPPvK.rtbw","106662416",".rtbw"
"KBBPPPvK.rtbz","0",".rtbz"
"KBBvK.rtbw","77008",".rtbw"
"KBBvK.rtbz","130320",".rtbz"
"KBBvKB.rtbw","470928",".rtbw"
"KBBvKB.rtbz","124752",".rtbz"
"KBBvKN.rtbw","3079184",".rtbw"
"KBBvKN.rtbz","2885904",".rtbz"
"KBNNNNvK.rtbw","34259280",".rtbw"
"KBNNNNvK.rtbz","1400966928",".rtbz"
"KBNNNPvK.rtbw","0",".rtbw"
"KBNNNPvK.rtbz","0",".rtbz"
"KBNNPPvK.rtbw","354188880",".rtbw"
"KBNNPPvK.rtbz","286666256",".rtbz"
"KBNvK.rtbw","52560",".rtbw"
"KBNvK.rtbz","457744",".rtbz"
"KBvK.rtbw","80",".rtbw"
"KBvK.rtbz","80",".rtbz"
"KBvKB.rtbw","1232",".rtbw"
"KBvKB.rtbz","80",".rtbz"
"KBvKN.rtbw","2256",".rtbw"
"KBvKN.rtbz","80",".rtbz"
"KBvKQ.rtbw","98576",".rtbw"
"KBvKQ.rtbz","50704",".rtbz"
"KNNNNNvK.rtbw","6957648",".rtbw"
"KNNNNNvK.rtbz","285581712",".rtbz"
"KNNNvK.rtbw","799824",".rtbw"
"KNNNvK.rtbz","4115152",".rtbz"
"KNNvK.rtbw","1360",".rtbw"
"KNNvK.rtbz","80",".rtbz"
"KNvK.rtbw","80",".rtbw"
"KNvK.rtbz","80",".rtbz"
"KNvKB.rtbw","2256",".rtbw"
"KNvKB.rtbz","80",".rtbz"
"KNvKQ.rtbw","160976",".rtbw"
"KNvKQ.rtbz","276240",".rtbz"
"KNvKR.rtbw","49616",".rtbw"
"KNvKR.rtbz","14224",".rtbz"
"KPvK.rtbw","2960",".rtbw"
"KPvK.rtbz","720",".rtbz"
"KQBBBBvK.rtbw","82269520",".rtbw"
"KQBBBBvK.rtbz","442639888",".rtbz"
"KQBBBNvK.rtbw","254838992",".rtbw"
"KQBBBNvK.rtbz","1269738000",".rtbz"
"KQBBNNvK.rtbw","429933328",".rtbw"
"KQBBvK.rtbw","1643152",".rtbw"
"KQBBvK.rtbz","7900880",".rtbz"
"KQBNvK.rtbw","2455440",".rtbw"
"KQBNvK.rtbz","12628112",".rtbz"
"KQBvK.rtbw","42384",".rtbw"
"KQBvK.rtbz","304848",".rtbz"
"KQNNvK.rtbw","1572048",".rtbw"
"KQNNvK.rtbz","8075280",".rtbz"
"KQNvK.rtbw","40656",".rtbw"
"KQNvK.rtbz","306960",".rtbz"
"KQQBvK.rtbw","1497040",".rtbw"
"KQQBvK.rtbz","4331088",".rtbz"
"KQQNvK.rtbw","1398224",".rtbw"
"KQQNvK.rtbz","4432656",".rtbz"
"KQQQvK.rtbw","625872",".rtbw"
"KQQQvK.rtbz","892880",".rtbz"
"KQQRvK.rtbw","1385772",".rtbw"
"KQQRvK.rtbz","3424464",".rtbz"
"KQQvK.rtbw","27664",".rtbw"
"KQQvK.rtbz","78352",".rtbz"
"KQRBvK.rtbw","2613456",".rtbw"
"KQRBvK.rtbz","9606032",".rtbz"
"KQRNvK.rtbw","2369808",".rtbw"
"KQRNvK.rtbz","10941648",".rtbz"
"KQRvK.rtbw","29584",".rtbw"
"KQRvK.rtbz","167184",".rtbz"
"KQvK.rtbw","1104",".rtbw"
"KQvK.rtbz","6928",".rtbz"
"KQvKB.rtbw","147792",".rtbw"
"KQvKB.rtbz","263184",".rtbz"
"KQvKN.rtbw","148816",".rtbw"
"KQvKN.rtbz","215696",".rtbz"
"KQvKR.rtbw","89552",".rtbw"
"KQvKR.rtbz","35600",".rtbz"
"KRBBvK.rtbw","1487888",".rtbw"
"KRBBvK.rtbz","9332112",".rtbz"
"KRBNvK.rtbw","2133200",".rtbw"
"KRBNvK.rtbz","17682256",".rtbz"
"KRBvK.rtbw","34512",".rtbw"
"KRBvK.rtbz","338704",".rtbz"
"KRNNvK.rtbw","1426448",".rtbw"
"KRNNvK.rtbz","10125200",".rtbz"
"KRNvK.rtbw","34192",".rtbw"
"KRNvK.rtbz","362320",".rtbz"
"KRRBvK.rtbw","1204688",".rtbw"
"KRRBvK.rtbz","7174160",".rtbz"
"KRRNvK.rtbw","1173072",".rtbw"
"KRRNvK.rtbz","7264720",".rtbz"
"KRRRvK.rtbw","373648",".rtbw"
"KRRRvK.rtbz","1783632",".rtbz"
"KRRvK.rtbw","18384",".rtbw"
"KRRvK.rtbz","125456",".rtbz"
"KRvK.rtbw","1104",".rtbw"
"KRvK.rtbz","8656",".rtbz"
"KRvKB.rtbw","29776",".rtbw"
"KRvKB.rtbz","5776",".rtbz"
"KRvKN.rtbw","75856",".rtbw"
"KRvKN.rtbz","36112",".rtbz"
"KvKB.rtbw","80",".rtbw"
"KvKB.rtbz","80",".rtbz"
"KvKBB.rtbw","64976",".rtbw"
"KvKBB.rtbz","130704",".rtbz"
"KvKBBB.rtbw","1015568",".rtbw"
"KvKBBB.rtbz","2817232",".rtbz"
"KvKBBN.rtbw","787792",".rtbw"
"KvKBBN.rtbz","12060240",".rtbz"
"KvKBN.rtbw","30928",".rtbw"
"KvKBN.rtbz","434128",".rtbz"
"KvKBNN.rtbw","791056",".rtbw"
"KvKBNN.rtbz","10767504",".rtbz"
"KvKN.rtbw","80",".rtbw"
"KvKN.rtbz","80",".rtbz"
"KvKNN.rtbw","18768",".rtbw"
"KvKNN.rtbz","251408",".rtbz"
"KvKNNN.rtbw","449424",".rtbw"
"KvKNNN.rtbz","3957136",".rtbz"
"KvKQ.rtbw","592",".rtbw"
"KvKQ.rtbz","6160",".rtbz"
"KvKQB.rtbw","32144",".rtbw"
"KvKQB.rtbz","247568",".rtbz"
"KvKQBB.rtbw","994000",".rtbw"
"KvKQBB.rtbz","6356432",".rtbz"
"KvKQBN.rtbw","1524496",".rtbw"
"KvKQBN.rtbz","10602320",".rtbz"
"KvKQN.rtbw","29456",".rtbw"
"KvKQN.rtbz","277200",".rtbz"
"KvKQNN.rtbw","1026128",".rtbw"
"KvKQNN.rtbz","7440144",".rtbz"
"KvKQQ.rtbw","15504",".rtbw"
"KvKQQ.rtbz","57616",".rtbz"
"KvKQQB.rtbw","857872",".rtbw"
"KvKQQB.rtbz","3445008",".rtbz"
"KvKQQN.rtbw","830160",".rtbw"
"KvKQQN.rtbz","3719632",".rtbz"
"KvKQQQ.rtbw","365584",".rtbw"
"KvKQQQ.rtbz","808784",".rtbz"
"KvKQQR.rtbw","866192",".rtbw"
"KvKQQR.rtbz","2492880",".rtbz"
"KvKQR.rtbw","20816",".rtbw"
"KvKQR.rtbz","118864",".rtbz"
"KvKQRB.rtbw","1520144",".rtbw"
"KvKQRB.rtbz","7430928",".rtbz"
"KvKQRN.rtbw","1512592",".rtbw"
"KvKQRN.rtbz","8229136",".rtbz"
"KvKQRR.rtbw","748176",".rtbw"
"KvKQRR.rtbz","3063376",".rtbz"
"KvKR.rtbw","528",".rtbw"
"KvKR.rtbz","8144",".rtbz"
"KvKRB.rtbw","20688",".rtbw"
"KvKRB.rtbz","320272",".rtbz"
"KvKRBB.rtbw","923216",".rtbw"
"KvKRBB.rtbz","8749328",".rtbz"
"KvKRBN.rtbw","1340816",".rtbw"
"KvKRBN.rtbz","15029008",".rtbz"
"KvKRN.rtbw","21520",".rtbw"
"KvKRN.rtbz","326416",".rtbz"
"KvKRNN.rtbw","853712",".rtbw"
"KvKRNN.rtbz","8763728",".rtbz"
"KvKRR.rtbw","9808",".rtbw"
"KvKRR.rtbz","92432",".rtbz"
"KvKRRB.rtbw","793872",".rtbw"
"KvKRRB.rtbz","5795216",".rtbz"
"KvKRRN.rtbw","754448",".rtbw"
"KvKRRN.rtbz","6024016",".rtbz"
"KvKRRR.rtbw","229008",".rtbw"
"KvKRRR.rtbz","1327120",".rtbz"
"Syzygy-Inventory-Report-DEMO.md","72324",".md"
"Syzygy-Inventory-Report.md","72382",".md"
