"Name","Length"
"KBBBBBvK.rtbz","264510736"
"KBBBBNvK.rtbz","1426493776"
"KBBBBPvK.rtbz","328228432"
"KBBBBvKB.rtbz","819732432"
"KBBBBvKN.rtbz","842117712"
"KBBBBvKP.rtbz","1017506832"
"KBBBBvKQ.rtbz","1150639568"
"KBBBNNvK.rtbz","3121053008"
"KBBBNPvK.rtbz","750385104"
"KBBBNvKB.rtbz","5500184016"
"KBBBNvKP.rtbz","5384825616"
"KBBBNvKQ.rtbz","5680054608"
"KBBBNvKR.rtbz","10171866832"
"KBBBPPvK.rtbz","106358800"
"KBBBPvKB.rtbz","3434519248"
"KBBBPvKN.rtbz","3091892048"
"KBBBPvKP.rtbz","1150176528"
"KBBBPvKQ.rtbz","10930192464"
"KBBBPvKR.rtbz","6607752592"
"KBBBvKBB.rtbz","66233808"
"KBBBvKBN.rtbz","4010586640"
"KBBBvKBP.rtbz","6201116048"
"KBBBvKNN.rtbz","3443458256"
"KBBBvKNP.rtbz","9411050832"
"KBBBvKPP.rtbz","1302287376"
"KBBBvKQB.rtbz","5208915536"
"KBBBvKQN.rtbz","5484444304"
"KBBBvKQP.rtbz","8156402320"
"KBBBvKQQ.rtbz","445147472"
"KBBBvKQR.rtbz","2200438544"
"KBBBvKRB.rtbz","238071440"
"KBBBvKRN.rtbz","970112400"
"KBBBvKRP.rtbz","19132632720"
"KBBBvKRR.rtbz","520457360"
"KBBNNNvK.rtbz","3160624784"
"KBBNNPvK.rtbz","970789008"
"KBBNNvKB.rtbz","10941478032"
"KBBNNvKP.rtbz","7157173392"
"KBBNNvKQ.rtbz","6552074576"
"KBBNNvKR.rtbz","18348568784"
"KBBNPPvK.rtbz","353673232"
"KBBNPvKB.rtbz","11303991632"
"KBBNPvKN.rtbz","3335955152"
"KBBNPvKP.rtbz","1905480848"
"KBBNPvKQ.rtbz","32704568592"
"KBBNPvKR.rtbz","28058238608"
"KBBNvKBB.rtbz","817735248"
"KBBNvKBN.rtbz","21660861392"
"KBBNvKBP.rtbz","43162199440"
"KBBNvKNN.rtbz","11558665424"
"KBBNvKNP.rtbz","55262195088"
"KBBNvKPP.rtbz","6207001808"
"KBBNvKQB.rtbz","12099774032"
"KBBNvKQN.rtbz","12849465232"
"KBBNvKQP.rtbz","21571958352"
"KBBNvKQQ.rtbz","941432208"
"KBBNvKQR.rtbz","4966750992"
"KBBNvKRB.rtbz","836662352"
"KBBNvKRN.rtbz","1427586384"
"KBBNvKRP.rtbz","37987816848"
"KBBNvKRR.rtbz","3325662736"
"KBBPPPvK.rtbz","41144976"
"KBBPPvKB.rtbz","1462851664"
"KBBPPvKN.rtbz","776621072"
"KBBPPvKP.rtbz","367529488"
"KBBPPvKQ.rtbz","12202999568"
"KBBPPvKR.rtbz","7444202384"
"KBBPvKBB.rtbz","1446606352"
"KBBPvKBN.rtbz","11952870288"
"KBBPvKBP.rtbz","12847387216"
"KBBPvKNN.rtbz","12504407632"
"KBBPvKNP.rtbz","15164731408"
"KBBPvKPP.rtbz","2441519568"
"KBBPvKQB.rtbz","27540254352"
"KBBPvKQN.rtbz","29248393040"
"KBBPvKQP.rtbz","11381460880"
"KBBPvKQQ.rtbz","2269661584"
"KBBPvKQR.rtbz","10512542928"
"KBBPvKRB.rtbz","7308675920"
"KBBPvKRN.rtbz","27537448720"
"KBBPvKRP.rtbz","14414846928"
"KBBPvKRR.rtbz","28732806480"
"KBNNNNvK.rtbz","1400966928"
"KBNNNPvK.rtbz","554360912"
"KBNNNvKB.rtbz","7365002128"
"KBNNNvKN.rtbz","6028721744"
"KBNNNvKP.rtbz","5176108240"
"KBNNNvKQ.rtbz","5225643984"
"KBNNNvKR.rtbz","9968730192"
"KBNNPPvK.rtbz","286666256"
"KBNNPvKB.rtbz","4592862544"
"KBNNPvKN.rtbz","3716028816"
"KBNNPvKP.rtbz","2424323472"
"KBNNPvKQ.rtbz","30333746896"
"KBNNPvKR.rtbz","37826257808"
"KBNNvKBB.rtbz","5137207184"
"KBNNvKBN.rtbz","1837891920"
"KBNNvKBP.rtbz","71381408208"
"KBNNvKNN.rtbz","2141989584"
"KBNNvKNP.rtbz","65277071440"
"KBNNvKPP.rtbz","6940981264"
"KBNNvKQB.rtbz","9209854224"
"KBNNvKQN.rtbz","11524046736"
"KBNNvKQP.rtbz","18427999504"
"KBNNvKQQ.rtbz","848048400"
"KBNNvKQR.rtbz","4325209232"
"KBNNvKRB.rtbz","2597258384"
"KBNNvKRN.rtbz","573704848"
"KBNNvKRP.rtbz","4078552784"
"KBNNvKRR.rtbz","5466873232"
"KBNPPPvK.rtbz","76156240"
"KBNPPvKB.rtbz","1694256784"
"KBNPPvKN.rtbz","980559440"
"KBNPPvKP.rtbz","853865936"
"KBNPPvKQ.rtbz","20680640272"
"KBNPPvKR.rtbz","18645801936"
"KBNPvKBB.rtbz","3703028624"
"KBNPvKBN.rtbz","14994507408"
"KBNPvKBP.rtbz","50523373904"
"KBNPvKNN.rtbz","11025440080"
"KBNPvKNP.rtbz","42970754384"
"KBNPvKPP.rtbz","4352809488"
"KBNPvKQB.rtbz","39889726224"
"KBNPvKQN.rtbz","45656804752"
"KBNPvKQP.rtbz","17422108880"
"KBNPvKQQ.rtbz","3393176080"
"KBNPvKQR.rtbz","16303874512"
"KBNPvKRP.rtbz","32889776976"
"KBNPvKRR.rtbz","50770361296"
"KBPPPPvK.rtbz","12069712"
"KBPPPvKB.rtbz","503454608"
"KBPPPvKN.rtbz","264358928"
"KBPPPvKP.rtbz","139152784"
"KBPPPvKQ.rtbz","4830491664"
"KBPPPvKR.rtbz","2689630224"
"KBPPvKBB.rtbz","853889104"
"KBPPvKBN.rtbz","2479519760"
"KBPPvKBP.rtbz","5561195536"
"KBPPvKNN.rtbz","1999931792"
"KBPPvKNP.rtbz","6471055824"
"KBPPvKPP.rtbz","1058776592"
"KBPPvKQB.rtbz","11739816016"
"KBPPvKQN.rtbz","13306719440"
"KBPPvKQP.rtbz","4627040912"
"KBPPvKQQ.rtbz","1078764624"
"KBPPvKQR.rtbz","3811701456"
"KBPPvKRB.rtbz","33469896656"
"KBPPvKRN.rtbz","35291408400"
"KBPPvKRP.rtbz","12859232976"
"KBPPvKRR.rtbz","10421687632"
"KNNNNNvK.rtbz","285581712"
"KNNNNPvK.rtbz","126255632"
"KNNNNvKB.rtbz","2119531920"
"KNNNNvKN.rtbz","1846995792"
"KNNNNvKP.rtbz","1358913808"
"KNNNNvKQ.rtbz","1101740368"
"KNNNNvKR.rtbz","2122197520"
"KNNNPPvK.rtbz","83803408"
"KNNNPvKB.rtbz","2888548496"
"KNNNPvKN.rtbz","2029886480"
"KNNNPvKP.rtbz","1085002448"
"KNNNPvKQ.rtbz","8270587984"
"KNNNPvKR.rtbz","16677360144"
"KNNNvKBB.rtbz","54998800"
"KNNNvKBN.rtbz","128138704"
"KNNNvKBP.rtbz","24291344080"
"KNNNvKNN.rtbz","176030032"
"KNNNvKNP.rtbz","28936939280"
"KNNNvKPP.rtbz","3902383952"
"KNNNvKQB.rtbz","3508384336"
"KNNNvKQN.rtbz","4673440464"
"KNNNvKQP.rtbz","5153899600"
"KNNNvKQQ.rtbz","309234128"
"KNNNvKQR.rtbz","1650468048"
"KNNNvKRB.rtbz","1533491792"
"KNNNvKRN.rtbz","215806864"
"KNNNvKRP.rtbz","1354438288"
"KNNNvKRR.rtbz","1762009936"
"KNNPPPvK.rtbz","39246608"
"KNNPPvKB.rtbz","1515554704"
"KNNPPvKN.rtbz","1359524624"
"KNNPPvKP.rtbz","573770832"
"KNNPPvKQ.rtbz","8455583248"
"KNNPPvKR.rtbz","11766054800"
"KNNPvKBB.rtbz","3373810448"
"KNNPvKBN.rtbz","5902193296"
"KNNPvKBP.rtbz","28142179984"
"KNNPvKNN.rtbz","2809577424"
"KNNPvKNP.rtbz","23357510800"
"KNNPvKPP.rtbz","3870371536"
"KNNPvKQB.rtbz","16794824656"
"KNNPvKQN.rtbz","21350295312"
"KNNPvKQP.rtbz","8426818128"
"KNNPvKQQ.rtbz","1774123728"
"KNNPvKQR.rtbz","7560816656"
"KNNPvKRB.rtbz","43025240336"
"KNNPvKRN.rtbz","15985967248"
"KNNPvKRP.rtbz","8491432080"
"KNNPvKRR.rtbz","21433641040"
"KNPPPPvK.rtbz","11418832"
"KNPPPvKB.rtbz","665236880"
"KNPPPvKN.rtbz","408581584"
"KNPPPvKP.rtbz","189133392"
"KNPPPvKQ.rtbz","4018686608"
"KNPPPvKR.rtbz","2733418128"
"KNPPvKBB.rtbz","11666923856"
"KNPPvKBN.rtbz","3145423504"
"KNPPvKBP.rtbz","7104144272"
"KNPPvKNN.rtbz","1397370192"
"KNPPvKNP.rtbz","6536127184"
"KNPPvKPP.rtbz","1550631440"
"KNPPvKQB.rtbz","8331290320"
"KNPPvKQN.rtbz","11060949648"
"KNPPvKQP.rtbz","4024094544"
"KNPPvKQQ.rtbz","940345936"
"KNPPvKQR.rtbz","3199709968"
"KNPPvKRB.rtbz","26661511184"
"KNPPvKRN.rtbz","31191806416"
"KNPPvKRP.rtbz","12131137360"
"KNPPvKRR.rtbz","8515956176"
"KPPPPPvK.rtbz","1652304"
"KPPPPvKB.rtbz","75195600"
"KPPPPvKN.rtbz","65003088"
"KPPPPvKP.rtbz","9884688"
"KPPPPvKQ.rtbz","598771280"
"KPPPPvKR.rtbz","648855760"
"KPPPvKBB.rtbz","1639231696"
"KPPPvKBN.rtbz","5700349328"
"KPPPvKBP.rtbz","1438176656"
"KPPPvKNN.rtbz","1319290064"
"KPPPvKNP.rtbz","900566160"
"KPPPvKPP.rtbz","89290832"
"KPPPvKQB.rtbz","1517663120"
"KPPPvKQN.rtbz","1962307024"
"KPPPvKQP.rtbz","749323664"
"KPPPvKQQ.rtbz","244347216"
"KPPPvKQR.rtbz","697904848"
"KPPPvKRB.rtbz","3198493456"
"KPPPvKRN.rtbz","4165308368"
"KPPPvKRP.rtbz","1834192656"
"KPPPvKRR.rtbz","929417040"
"KQBBBBvK.rtbz","442639888"
"KQBBBNvK.rtbz","1269738000"
"KQBBBPvK.rtbz","757070608"
"KQBBBvKB.rtbz","1944931472"
"KQBBBvKN.rtbz","1312682640"
"KQBBBvKP.rtbz","2850800528"
"KQBBBvKQ.rtbz","4763815824"
"KQBBBvKR.rtbz","1996923472"
"KQBBNNvK.rtbz","2467698512"
"KQBBNPvK.rtbz","2311477712"
"KQBBNvKB.rtbz","4269589456"
"KQBBNvKN.rtbz","2645881936"
"KQBBNvKP.rtbz","7664378832"
"KQBBNvKQ.rtbz","12000894672"
"KQBBNvKR.rtbz","5037228944"
"KQBBPPvK.rtbz","254611152"
"KQBBPvKB.rtbz","5381837264"
"KQBBPvKN.rtbz","4501896272"
"KQBBPvKP.rtbz","1463137040"
"KQBBPvKQ.rtbz","20454295504"
"KQBBPvKR.rtbz","6253923856"
"KQBBvKBB.rtbz","3792792464"
"KQBBvKBN.rtbz","5444535248"
"KQBBvKBP.rtbz","12072991952"
"KQBBvKNN.rtbz","2132705488"
"KQBBvKNP.rtbz","7988875472"
"KQBBvKPP.rtbz","2083328464"
"KQBBvKQB.rtbz","10557862800"
"KQBBvKQN.rtbz","12068613520"
"KQBBvKQP.rtbz","49615159056"
"KQBBvKQQ.rtbz","4657473360"
"KQBBvKQR.rtbz","10014616272"
"KQBBvKRB.rtbz","8797303888"
"KQBBvKRN.rtbz","7096396624"
"KQBBvKRP.rtbz","15225189648"
"KQBBvKRR.rtbz","5793721232"
"KQBNNNvK.rtbz","1668670288"
"KQBNNPvK.rtbz","2368435792"
"KQBNNvKB.rtbz","3631088976"
"KQBNNvKN.rtbz","3316028240"
"KQBNNvKP.rtbz","8200789520"
"KQBNNvKQ.rtbz","14141400400"
"KQBNNvKR.rtbz","6549407440"
"KQBNPPvK.rtbz","503942608"
"KQBNPvKB.rtbz","7730150928"
"KQBNPvKN.rtbz","6949504784"
"KQBNPvKP.rtbz","2994883984"
